{"mu": 1.8244509505018232, "threshold": 1, "dmin": 1, "L": 100, "alpha": 1.919965095243444e-05, "grid_size": 100, "num_agents": 10, "n_resource_clusters": 5, "resource_quality": 1.0, "resource_cluster_radius": 2}