{"mu": 1.2220625972180728, "threshold": 1, "dmin": 1, "L": 100, "alpha": 0.00010511984900689754, "grid_size": 100, "num_agents": 10, "n_resource_clusters": 5, "resource_quality": 1.0, "resource_cluster_radius": 6}