{"mu": 2.0315991154445356, "threshold": 1, "dmin": 1, "L": 100, "alpha": 0.25626475141787974, "grid_size": 100, "num_agents": 10, "n_resource_clusters": 5, "resource_quality": 1.0, "resource_cluster_radius": 2}