{"mu": 1.3123756283631296, "threshold": 1, "dmin": 1, "L": 100, "alpha": 0.0006567890434565157, "grid_size": 100, "num_agents": 10, "n_resource_clusters": 5, "resource_quality": 1.0, "resource_cluster_radius": 2}