{"mu": 1.4550482051181368, "threshold": 1, "dmin": 1, "L": 100, "alpha": 0.0012880905749521603, "grid_size": 100, "num_agents": 10, "n_resource_clusters": 5, "resource_quality": 1.0, "resource_cluster_radius": 2}