{"mu": 1.2385408962528068, "threshold": 1, "dmin": 1, "L": 100, "alpha": 1.2344922811111874e-05, "grid_size": 100, "num_agents": 10, "n_resource_clusters": 5, "resource_quality": 1.0, "resource_cluster_radius": 2}