mu,alpha,avg_efficiency,avg_resources,avg_time_to_first,std_efficiency,std_resources,std_time_to_first,se_efficiency,se_resources,se_time_to_first
2.0,1e-05,0.023507846164471297,149.0,1418.9,0.0,0.0,698.7519747537192,0.0,0.0,210.68164743436142
2.0,0.0001,0.02306844249456949,149.0,1102.7,0.0,0.0,1118.802539424282,0.0,0.0,337.3316579788317
2.0,0.001,0.020471285991505477,149.0,1084.5,0.0,0.0,1394.9740140948863,0.0,0.0,420.60049064078936
2.0,0.01,0.0175170299949989,144.0,248.7,0.09808586765088625,6.497862896539309,85.18352735906944,0.029574001839495285,1.959179378817529,25.68379986990974
2.0,0.1,0.013490240240923004,111.2,889.6,0.07003350346496842,4.61398839279954,367.8001268805292,0.021115895795214095,1.391169844179184,110.89591079162042
2.0,0.999,0.017774142071247532,126.4,822.5,0.1843351248480742,11.187294380481617,746.9074388585391,0.05557913134585278,3.3730961708462717,225.20106616537188
